<?xml version='1.0' encoding='UTF-8' ?>
<Parameters>
	<param name="SEARCH_TITLE" value="Search for"></param>
	<param name="MATCH_TITLE" value="Match whole word"></param>
	<param name="SEARCH_MODE" value="Search mode"></param>
	<param name="MODE1" value="AND"></param>
	<param name="MODE2" value="OR"></param>
	<param name="MODE3" value="Exact phrase"></param>
	<param name="SEARCH_SCOPE" value="Search scope"></param>
	<param name="ALL_TITLE" value="All documents"></param>
	<param name="SOLUTION_TITLE" value="Domains"></param>
	<param name="PRODUCT_TITLE" value="Products"></param>
	<param name="GO_TITLE" value="Search"></param>
	<param name="SEARCHING_TITLE" value="Searching..."></param>
	<param name="RESULTS_TITLE" value="Results View"></param>
	<param name="RESET_TITLE" value="Reset"></param>
	<param name="HELP_TITLE" value="Help"></param>
	<param name="NEXT_TITLE" value="Find Next"></param>
	<param name="SCOPE_TITLE" value="Scope View"></param>
	<param name="PARTS_TITLE" value="Search in"></param>
	<param name="FOUND_TITLE" value="Found in"></param>
	<param name="STRING_NOT_FOUND" value="String not found in selected scope."></param>
	<param name="EMPTY_SOLUTION_SCOPE" value="Select at least one solution in the scope."></param>
	<param name="EMPTY_PRODUCT_SCOPE" value="Select at least one product in the scope."></param>
</Parameters>
